{
  "ambience.punchdeck.alive": {
    "category": "record",
    "sounds": [
      "punchdeck/ambience/punchdeck-alive"
    ]
  },
  "ambience.punchdeck.icantstop": {
    "category": "record",
    "sounds": [
      "punchdeck/ambience/punchdeck-icantstop"
    ]
  },
  "ambience.punchdeck.illuminate": {
    "category": "record",
    "sounds": [
      "punchdeck/ambience/punchdeck-illuminate"
    ]
  },
  "ambience.punchdeck.mtwfgt": {
    "category": "record",
    "sounds": [
      "punchdeck/ambience/punchdeck-mtwfgt"
    ]
  },
  "ambience.punchdeck.neonunderworld": {
    "category": "record",
    "sounds": [
      "punchdeck/ambience/punchdeck-neonunderworld"
    ]
  }
}
